{
    "metrics": {
        "http_req_tls_handshaking": {
            "min": 0,
            "med": 0,
            "max": 98.9537,
            "p(90)": 97.3016,
            "p(95)": 97.978155,
            "avg": 23.737743103448278
        },
        "data_received": {
            "count": 374280,
            "rate": 9622.931541506525
        },
        "vus_max": {
            "value": 15,
            "min": 15,
            "max": 15
        },
        "http_req_blocked": {
            "avg": 37.266725862068974,
            "min": 0,
            "med": 0,
            "max": 151.7087,
            "p(90)": 149.69732,
            "p(95)": 150.222555
        },
        "data_sent": {
            "count": 13880,
            "rate": 356.8619477292684
        },
        "http_req_duration{expected_response:true}": {
            "avg": 7984.9521827586195,
            "min": 3728.7605,
            "med": 8116.7307,
            "max": 13611.9573,
            "p(90)": 10569.38479,
            "p(95)": 11661.831369999998
        },
        "http_req_sending": {
            "min": 0,
            "med": 0,
            "max": 0.575,
            "p(90)": 0.5071,
            "p(95)": 0.51639,
            "avg": 0.13821034482758623
        },
        "iterations": {
            "count": 58,
            "rate": 1.491209868032966
        },
        "vus": {
            "min": 3,
            "max": 15,
            "value": 3
        },
        "http_reqs": {
            "count": 58,
            "rate": 1.491209868032966
        },
        "http_req_receiving": {
            "p(90)": 33.060500000000005,
            "p(95)": 35.015985,
            "avg": 6.8454844827586205,
            "min": 0,
            "med": 2.71475,
            "max": 36.4972
        },
        "http_req_waiting": {
            "p(90)": 10543.527960000001,
            "p(95)": 11657.714089999998,
            "avg": 7977.968487931036,
            "min": 3725.9589,
            "med": 8115.6903,
            "max": 13611.9573
        },
        "http_req_connecting": {
            "min": 0,
            "med": 0,
            "max": 37.5059,
            "p(90)": 37.5059,
            "p(95)": 37.5059,
            "avg": 9.69980172413793
        },
        "http_req_duration": {
            "p(90)": 10569.38479,
            "p(95)": 11661.831369999998,
            "avg": 7984.9521827586195,
            "min": 3728.7605,
            "med": 8116.7307,
            "max": 13611.9573
        },
        "http_req_failed": {
            "passes": 0,
            "fails": 58,
            "value": 0
        },
        "iteration_duration": {
            "max": 14762.629,
            "p(90)": 11579.697830000001,
            "p(95)": 12684.986024999998,
            "avg": 9022.854975862068,
            "min": 4859.1499,
            "med": 9117.274300000001
        }
    },
    "root_group": {
        "path": "",
        "id": "d41d8cd98f00b204e9800998ecf8427e",
        "groups": {},
        "checks": {},
        "name": ""
    }
}