{
    "metrics": {
        "http_req_waiting": {
            "p(95)": 10161.375544999999,
            "avg": 7128.3631525,
            "min": 4674.7773,
            "med": 7528.200000000001,
            "max": 10505.2623,
            "p(90)": 8137.96451
        },
        "http_req_failed": {
            "passes": 30,
            "fails": 50,
            "value": 0.375
        },
        "data_sent": {
            "count": 61237,
            "rate": 1020.5127546562784
        },
        "http_req_sending": {
            "avg": 0.04901375,
            "min": 0,
            "med": 0,
            "max": 0.6733,
            "p(90)": 0.13277,
            "p(95)": 0.51193
        },
        "http_req_blocked": {
            "min": 0,
            "med": 0,
            "max": 129.2969,
            "p(90)": 120.47411000000001,
            "p(95)": 121.0754,
            "avg": 15.412403750000001
        },
        "http_req_duration{expected_response:true}": {
            "p(90)": 8595.351550000001,
            "p(95)": 10290.063865,
            "avg": 7639.92666,
            "min": 4727.8825,
            "med": 7910.98975,
            "max": 10542.2721
        },
        "http_req_receiving": {
            "max": 108.8566,
            "p(90)": 85.5764,
            "p(95)": 89.77665499999999,
            "avg": 34.5744025,
            "min": 0,
            "med": 35.21575
        },
        "http_reqs": {
            "count": 80,
            "rate": 1.3331975827114697
        },
        "http_req_tls_handshaking": {
            "p(90)": 72.34131000000001,
            "p(95)": 75.32193,
            "avg": 9.5136825,
            "min": 0,
            "med": 0,
            "max": 81.1641
        },
        "http_req_duration": {
            "max": 10542.2721,
            "p(90)": 8173.25447,
            "p(95)": 10195.622565,
            "avg": 7162.986568750001,
            "min": 4727.8825,
            "med": 7544.69215
        },
        "vus": {
            "value": 10,
            "min": 10,
            "max": 10
        },
        "data_received": {
            "count": 200986,
            "rate": 3349.425616985593
        },
        "http_req_connecting": {
            "p(95)": 37.519,
            "avg": 4.59888125,
            "min": 0,
            "med": 0,
            "max": 38.0567,
            "p(90)": 35.28457000000001
        },
        "vus_max": {
            "value": 10,
            "min": 10,
            "max": 10
        }
    },
    "root_group": {
        "checks": {},
        "name": "",
        "path": "",
        "id": "d41d8cd98f00b204e9800998ecf8427e",
        "groups": {}
    }
}